A37B1XSZUYNSNK,B00LMOH8DU,5.0,1405036800
A3FOXB6244Y5PC,B00LNUH5X6,5.0,1404864000
AELQMX8YAEEYI,B00LOLBBQQ,5.0,1405382400
AG1NNE1V43RWC,B00LOLBBQQ,1.0,1405468800
A2QW4HHHC6XWH4,B00LPQRT34,4.0,1405209600
A2025SOZT6OE6D,B00LS5WBYE,5.0,1405641600
A2DOJYSPCLCQIT,B00LTAUTHE,5.0,1405382400
A1PB6OT0OOPKNQ,B00LXEC8CU,5.0,1405641600
A1MTPZKAYVSES3,BT008G3W52,5.0,1355702400
AS7WVL4JGN1FI,BT008SXQ4C,1.0,1326067200
A3GGII8ILEUI4P,BT008T2BGK,5.0,1320883200
ATK4Q037EM13F,BT008UKTMW,4.0,1356134400
AT10LK8R9MLHT,BT008UKTMW,3.0,1293753600
AKVMJCP7T93X1,BT008UKTMW,5.0,1394928000
A2H4BLBXDNSZ2O,BT008UKTMW,4.0,1316563200
A2DARIL2TWUOLS,BT008UKTMW,2.0,1373328000
A7ETK9SC1HAMP,BT008UKTMW,5.0,1397088000
A5FUA9HEV2O42,BT008UKTMW,5.0,1405987200
A84WRQR47OOKR,BT008UKTMW,1.0,1401753600
A180UGKKYCPDH0,BT008UKTMW,5.0,1369353600
A2R6Q6KJCYSVH7,BT008UKTMW,3.0,1343520000
A2IGIIABRZ5LAB,BT008UKTMW,5.0,1356739200
A2YZI3C9MOHC0L,BT008UKTMW,5.0,1396569600
A322MDK0M89RHN,BT008UKTMW,5.0,1313366400
A1MH90R0ADMIK0,BT008UKTMW,4.0,1404172800
A10M2KEFPEQDHN,BT008UKTMW,4.0,1297555200
A37B1XSZUYNSNK,B00LMOH8DU,5.0,1405036800
A3FOXB6244Y5PC,B00LNUH5X6,5.0,1404864000
AELQMX8YAEEYI,B00LOLBBQQ,5.0,1405382400
AG1NNE1V43RWC,B00LOLBBQQ,1.0,1405468800
A2QW4HHHC6XWH4,B00LPQRT34,4.0,1405209600
A2025SOZT6OE6D,B00LS5WBYE,5.0,1405641600
A2DOJYSPCLCQIT,B00LTAUTHE,5.0,1405382400
A1PB6OT0OOPKNQ,B00LXEC8CU,5.0,1405641600
A1MTPZKAYVSES3,BT008G3W52,5.0,1355702400
AS7WVL4JGN1FI,BT008SXQ4C,1.0,1326067200
A3GGII8ILEUI4P,BT008T2BGK,5.0,1320883200
ATK4Q037EM13F,BT008UKTMW,4.0,1356134400
AT10LK8R9MLHT,BT008UKTMW,3.0,1293753600
AKVMJCP7T93X1,BT008UKTMW,5.0,1394928000
A2H4BLBXDNSZ2O,BT008UKTMW,4.0,1316563200
A2DARIL2TWUOLS,BT008UKTMW,2.0,1373328000
A7ETK9SC1HAMP,BT008UKTMW,5.0,1397088000
A5FUA9HEV2O42,BT008UKTMW,5.0,1405987200
A84WRQR47OOKR,BT008UKTMW,1.0,1401753600
A180UGKKYCPDH0,BT008UKTMW,5.0,1369353600
A2R6Q6KJCYSVH7,BT008UKTMW,3.0,1343520000
A2IGIIABRZ5LAB,BT008UKTMW,5.0,1356739200
A2YZI3C9MOHC0L,BT008UKTMW,5.0,1396569600
A322MDK0M89RHN,BT008UKTMW,5.0,1313366400
A1MH90R0ADMIK0,BT008UKTMW,4.0,1404172800
A10M2KEFPEQDHN,BT008UKTMW,4.0,1297555200
A37B1XSZUYNSNK,B00LMOH8DU,5.0,1405036800
A3FOXB6244Y5PC,B00LNUH5X6,5.0,1404864000
AELQMX8YAEEYI,B00LOLBBQQ,5.0,1405382400
AG1NNE1V43RWC,B00LOLBBQQ,1.0,1405468800
A2QW4HHHC6XWH4,B00LPQRT34,4.0,1405209600
A2025SOZT6OE6D,B00LS5WBYE,5.0,1405641600
A2DOJYSPCLCQIT,B00LTAUTHE,5.0,1405382400
A1PB6OT0OOPKNQ,B00LXEC8CU,5.0,1405641600
A1MTPZKAYVSES3,BT008G3W52,5.0,1355702400
AS7WVL4JGN1FI,BT008SXQ4C,1.0,1326067200
A3GGII8ILEUI4P,BT008T2BGK,5.0,1320883200
ATK4Q037EM13F,BT008UKTMW,4.0,1356134400
AT10LK8R9MLHT,BT008UKTMW,3.0,1293753600
AKVMJCP7T93X1,BT008UKTMW,5.0,1394928000
A2H4BLBXDNSZ2O,BT008UKTMW,4.0,1316563200
A2DARIL2TWUOLS,BT008UKTMW,2.0,1373328000
A7ETK9SC1HAMP,BT008UKTMW,5.0,1397088000
A5FUA9HEV2O42,BT008UKTMW,5.0,1405987200
A84WRQR47OOKR,BT008UKTMW,1.0,1401753600
A180UGKKYCPDH0,BT008UKTMW,5.0,1369353600
A2R6Q6KJCYSVH7,BT008UKTMW,3.0,1343520000
A2IGIIABRZ5LAB,BT008UKTMW,5.0,1356739200
A2YZI3C9MOHC0L,BT008UKTMW,5.0,1396569600
A322MDK0M89RHN,BT008UKTMW,5.0,1313366400
A1MH90R0ADMIK0,BT008UKTMW,4.0,1404172800
A10M2KEFPEQDHN,BT008UKTMW,4.0,1297555200
A37B1XSZUYNSNK,B00LMOH8DU,5.0,1405036800
A3FOXB6244Y5PC,B00LNUH5X6,5.0,1404864000
AELQMX8YAEEYI,B00LOLBBQQ,5.0,1405382400
AG1NNE1V43RWC,B00LOLBBQQ,1.0,1405468800
A2QW4HHHC6XWH4,B00LPQRT34,4.0,1405209600
A2025SOZT6OE6D,B00LS5WBYE,5.0,1405641600
A2DOJYSPCLCQIT,B00LTAUTHE,5.0,1405382400
A1PB6OT0OOPKNQ,B00LXEC8CU,5.0,1405641600
A1MTPZKAYVSES3,BT008G3W52,5.0,1355702400
AS7WVL4JGN1FI,BT008SXQ4C,1.0,1326067200
A3GGII8ILEUI4P,BT008T2BGK,5.0,1320883200
ATK4Q037EM13F,BT008UKTMW,4.0,1356134400
AT10LK8R9MLHT,BT008UKTMW,3.0,1293753600
AKVMJCP7T93X1,BT008UKTMW,5.0,1394928000
A2H4BLBXDNSZ2O,BT008UKTMW,4.0,1316563200
A2DARIL2TWUOLS,BT008UKTMW,2.0,1373328000
A7ETK9SC1HAMP,BT008UKTMW,5.0,1397088000
A5FUA9HEV2O42,BT008UKTMW,5.0,1405987200
A84WRQR47OOKR,BT008UKTMW,1.0,1401753600
A180UGKKYCPDH0,BT008UKTMW,5.0,1369353600
A2R6Q6KJCYSVH7,BT008UKTMW,3.0,1343520000
A2IGIIABRZ5LAB,BT008UKTMW,5.0,1356739200
A2YZI3C9MOHC0L,BT008UKTMW,5.0,1396569600
A322MDK0M89RHN,BT008UKTMW,5.0,1313366400
A1MH90R0ADMIK0,BT008UKTMW,4.0,1404172800
A10M2KEFPEQDHN,BT008UKTMW,4.0,1297555200
A37B1XSZUYNSNK,B00LMOH8DU,5.0,1405036800
A3FOXB6244Y5PC,B00LNUH5X6,5.0,1404864000
AELQMX8YAEEYI,B00LOLBBQQ,5.0,1405382400
AG1NNE1V43RWC,B00LOLBBQQ,1.0,1405468800
A2QW4HHHC6XWH4,B00LPQRT34,4.0,1405209600
A2025SOZT6OE6D,B00LS5WBYE,5.0,1405641600
A2DOJYSPCLCQIT,B00LTAUTHE,5.0,1405382400
A1PB6OT0OOPKNQ,B00LXEC8CU,5.0,1405641600
A1MTPZKAYVSES3,BT008G3W52,5.0,1355702400
AS7WVL4JGN1FI,BT008SXQ4C,1.0,1326067200
A3GGII8ILEUI4P,BT008T2BGK,5.0,1320883200
ATK4Q037EM13F,BT008UKTMW,4.0,1356134400
AT10LK8R9MLHT,BT008UKTMW,3.0,1293753600
AKVMJCP7T93X1,BT008UKTMW,5.0,1394928000
A2H4BLBXDNSZ2O,BT008UKTMW,4.0,1316563200
A2DARIL2TWUOLS,BT008UKTMW,2.0,1373328000
A7ETK9SC1HAMP,BT008UKTMW,5.0,1397088000
A5FUA9HEV2O42,BT008UKTMW,5.0,1405987200
A84WRQR47OOKR,BT008UKTMW,1.0,1401753600
A180UGKKYCPDH0,BT008UKTMW,5.0,1369353600
A2R6Q6KJCYSVH7,BT008UKTMW,3.0,1343520000
A2IGIIABRZ5LAB,BT008UKTMW,5.0,1356739200
A2YZI3C9MOHC0L,BT008UKTMW,5.0,1396569600
A322MDK0M89RHN,BT008UKTMW,5.0,1313366400
A1MH90R0ADMIK0,BT008UKTMW,4.0,1404172800
A10M2KEFPEQDHN,BT008UKTMW,4.0,1297555200
A37B1XSZUYNSNK,B00LMOH8DU,5.0,1405036800
A3FOXB6244Y5PC,B00LNUH5X6,5.0,1404864000
AELQMX8YAEEYI,B00LOLBBQQ,5.0,1405382400
AG1NNE1V43RWC,B00LOLBBQQ,1.0,1405468800
A2QW4HHHC6XWH4,B00LPQRT34,4.0,1405209600
A2025SOZT6OE6D,B00LS5WBYE,5.0,1405641600
A2DOJYSPCLCQIT,B00LTAUTHE,5.0,1405382400
A1PB6OT0OOPKNQ,B00LXEC8CU,5.0,1405641600
A1MTPZKAYVSES3,BT008G3W52,5.0,1355702400
AS7WVL4JGN1FI,BT008SXQ4C,1.0,1326067200
A3GGII8ILEUI4P,BT008T2BGK,5.0,1320883200
ATK4Q037EM13F,BT008UKTMW,4.0,1356134400
AT10LK8R9MLHT,BT008UKTMW,3.0,1293753600
AKVMJCP7T93X1,BT008UKTMW,5.0,1394928000
A2H4BLBXDNSZ2O,BT008UKTMW,4.0,1316563200
A2DARIL2TWUOLS,BT008UKTMW,2.0,1373328000
A7ETK9SC1HAMP,BT008UKTMW,5.0,1397088000
A5FUA9HEV2O42,BT008UKTMW,5.0,1405987200
A84WRQR47OOKR,BT008UKTMW,1.0,1401753600
A180UGKKYCPDH0,BT008UKTMW,5.0,1369353600
A2R6Q6KJCYSVH7,BT008UKTMW,3.0,1343520000
A2IGIIABRZ5LAB,BT008UKTMW,5.0,1356739200
A2YZI3C9MOHC0L,BT008UKTMW,5.0,1396569600
A322MDK0M89RHN,BT008UKTMW,5.0,1313366400
A1MH90R0ADMIK0,BT008UKTMW,4.0,1404172800
A10M2KEFPEQDHN,BT008UKTMW,4.0,1297555200
A37B1XSZUYNSNK,B00LMOH8DU,5.0,1405036800
A3FOXB6244Y5PC,B00LNUH5X6,5.0,1404864000
AELQMX8YAEEYI,B00LOLBBQQ,5.0,1405382400
AG1NNE1V43RWC,B00LOLBBQQ,1.0,1405468800
A2QW4HHHC6XWH4,B00LPQRT34,4.0,1405209600
A2025SOZT6OE6D,B00LS5WBYE,5.0,1405641600
A2DOJYSPCLCQIT,B00LTAUTHE,5.0,1405382400
A1PB6OT0OOPKNQ,B00LXEC8CU,5.0,1405641600
A1MTPZKAYVSES3,BT008G3W52,5.0,1355702400
AS7WVL4JGN1FI,BT008SXQ4C,1.0,1326067200
A3GGII8ILEUI4P,BT008T2BGK,5.0,1320883200
ATK4Q037EM13F,BT008UKTMW,4.0,1356134400
AT10LK8R9MLHT,BT008UKTMW,3.0,1293753600
AKVMJCP7T93X1,BT008UKTMW,5.0,1394928000
A2H4BLBXDNSZ2O,BT008UKTMW,4.0,1316563200
A2DARIL2TWUOLS,BT008UKTMW,2.0,1373328000
A7ETK9SC1HAMP,BT008UKTMW,5.0,1397088000
A5FUA9HEV2O42,BT008UKTMW,5.0,1405987200
A84WRQR47OOKR,BT008UKTMW,1.0,1401753600
A180UGKKYCPDH0,BT008UKTMW,5.0,1369353600
A2R6Q6KJCYSVH7,BT008UKTMW,3.0,1343520000
A2IGIIABRZ5LAB,BT008UKTMW,5.0,1356739200
A2YZI3C9MOHC0L,BT008UKTMW,5.0,1396569600
A322MDK0M89RHN,BT008UKTMW,5.0,1313366400
A1MH90R0ADMIK0,BT008UKTMW,4.0,1404172800
A10M2KEFPEQDHN,BT008UKTMW,4.0,1297555200
A37B1XSZUYNSNK,B00LMOH8DU,5.0,1405036800
A3FOXB6244Y5PC,B00LNUH5X6,5.0,1404864000
AELQMX8YAEEYI,B00LOLBBQQ,5.0,1405382400
AG1NNE1V43RWC,B00LOLBBQQ,1.0,1405468800
A2QW4HHHC6XWH4,B00LPQRT34,4.0,1405209600
A2025SOZT6OE6D,B00LS5WBYE,5.0,1405641600
A2DOJYSPCLCQIT,B00LTAUTHE,5.0,1405382400
A1PB6OT0OOPKNQ,B00LXEC8CU,5.0,1405641600
A1MTPZKAYVSES3,BT008G3W52,5.0,1355702400
AS7WVL4JGN1FI,BT008SXQ4C,1.0,1326067200
A3GGII8ILEUI4P,BT008T2BGK,5.0,1320883200
ATK4Q037EM13F,BT008UKTMW,4.0,1356134400
AT10LK8R9MLHT,BT008UKTMW,3.0,1293753600
AKVMJCP7T93X1,BT008UKTMW,5.0,1394928000
A2H4BLBXDNSZ2O,BT008UKTMW,4.0,1316563200
A2DARIL2TWUOLS,BT008UKTMW,2.0,1373328000
A7ETK9SC1HAMP,BT008UKTMW,5.0,1397088000
A5FUA9HEV2O42,BT008UKTMW,5.0,1405987200
A84WRQR47OOKR,BT008UKTMW,1.0,1401753600
A180UGKKYCPDH0,BT008UKTMW,5.0,1369353600
A2R6Q6KJCYSVH7,BT008UKTMW,3.0,1343520000
A2IGIIABRZ5LAB,BT008UKTMW,5.0,1356739200
A2YZI3C9MOHC0L,BT008UKTMW,5.0,1396569600
A322MDK0M89RHN,BT008UKTMW,5.0,1313366400
A1MH90R0ADMIK0,BT008UKTMW,4.0,1404172800
A10M2KEFPEQDHN,BT008UKTMW,4.0,1297555200
A37B1XSZUYNSNK,B00LMOH8DU,5.0,1405036800
A3FOXB6244Y5PC,B00LNUH5X6,5.0,1404864000
AELQMX8YAEEYI,B00LOLBBQQ,5.0,1405382400
AG1NNE1V43RWC,B00LOLBBQQ,1.0,1405468800
A2QW4HHHC6XWH4,B00LPQRT34,4.0,1405209600
A2025SOZT6OE6D,B00LS5WBYE,5.0,1405641600
A2DOJYSPCLCQIT,B00LTAUTHE,5.0,1405382400
A1PB6OT0OOPKNQ,B00LXEC8CU,5.0,1405641600
A1MTPZKAYVSES3,BT008G3W52,5.0,1355702400
AS7WVL4JGN1FI,BT008SXQ4C,1.0,1326067200
A3GGII8ILEUI4P,BT008T2BGK,5.0,1320883200
ATK4Q037EM13F,BT008UKTMW,4.0,1356134400
AT10LK8R9MLHT,BT008UKTMW,3.0,1293753600
AKVMJCP7T93X1,BT008UKTMW,5.0,1394928000
A2H4BLBXDNSZ2O,BT008UKTMW,4.0,1316563200
A2DARIL2TWUOLS,BT008UKTMW,2.0,1373328000
A7ETK9SC1HAMP,BT008UKTMW,5.0,1397088000
A5FUA9HEV2O42,BT008UKTMW,5.0,1405987200
A84WRQR47OOKR,BT008UKTMW,1.0,1401753600
A180UGKKYCPDH0,BT008UKTMW,5.0,1369353600
A2R6Q6KJCYSVH7,BT008UKTMW,3.0,1343520000
A2IGIIABRZ5LAB,BT008UKTMW,5.0,1356739200
A2YZI3C9MOHC0L,BT008UKTMW,5.0,1396569600
A322MDK0M89RHN,BT008UKTMW,5.0,1313366400
A1MH90R0ADMIK0,BT008UKTMW,4.0,1404172800
A10M2KEFPEQDHN,BT008UKTMW,4.0,1297555200
A37B1XSZUYNSNK,B00LMOH8DU,5.0,1405036800
A3FOXB6244Y5PC,B00LNUH5X6,5.0,1404864000
AELQMX8YAEEYI,B00LOLBBQQ,5.0,1405382400
AG1NNE1V43RWC,B00LOLBBQQ,1.0,1405468800
A2QW4HHHC6XWH4,B00LPQRT34,4.0,1405209600
A2025SOZT6OE6D,B00LS5WBYE,5.0,1405641600
A2DOJYSPCLCQIT,B00LTAUTHE,5.0,1405382400
A1PB6OT0OOPKNQ,B00LXEC8CU,5.0,1405641600
A1MTPZKAYVSES3,BT008G3W52,5.0,1355702400
AS7WVL4JGN1FI,BT008SXQ4C,1.0,1326067200
A3GGII8ILEUI4P,BT008T2BGK,5.0,1320883200
ATK4Q037EM13F,BT008UKTMW,4.0,1356134400
AT10LK8R9MLHT,BT008UKTMW,3.0,1293753600
AKVMJCP7T93X1,BT008UKTMW,5.0,1394928000
A2H4BLBXDNSZ2O,BT008UKTMW,4.0,1316563200
A2DARIL2TWUOLS,BT008UKTMW,2.0,1373328000
A7ETK9SC1HAMP,BT008UKTMW,5.0,1397088000
A5FUA9HEV2O42,BT008UKTMW,5.0,1405987200
A84WRQR47OOKR,BT008UKTMW,1.0,1401753600
A180UGKKYCPDH0,BT008UKTMW,5.0,1369353600
A2R6Q6KJCYSVH7,BT008UKTMW,3.0,1343520000
A2IGIIABRZ5LAB,BT008UKTMW,5.0,1356739200
A2YZI3C9MOHC0L,BT008UKTMW,5.0,1396569600
A322MDK0M89RHN,BT008UKTMW,5.0,1313366400
A1MH90R0ADMIK0,BT008UKTMW,4.0,1404172800
A10M2KEFPEQDHN,BT008UKTMW,4.0,1297555200
A37B1XSZUYNSNK,B00LMOH8DU,5.0,1405036800
A3FOXB6244Y5PC,B00LNUH5X6,5.0,1404864000
AELQMX8YAEEYI,B00LOLBBQQ,5.0,1405382400
AG1NNE1V43RWC,B00LOLBBQQ,1.0,1405468800
A2QW4HHHC6XWH4,B00LPQRT34,4.0,1405209600
A2025SOZT6OE6D,B00LS5WBYE,5.0,1405641600
A2DOJYSPCLCQIT,B00LTAUTHE,5.0,1405382400
A1PB6OT0OOPKNQ,B00LXEC8CU,5.0,1405641600
A1MTPZKAYVSES3,BT008G3W52,5.0,1355702400
AS7WVL4JGN1FI,BT008SXQ4C,1.0,1326067200
A3GGII8ILEUI4P,BT008T2BGK,5.0,1320883200
ATK4Q037EM13F,BT008UKTMW,4.0,1356134400
AT10LK8R9MLHT,BT008UKTMW,3.0,1293753600
AKVMJCP7T93X1,BT008UKTMW,5.0,1394928000
A2H4BLBXDNSZ2O,BT008UKTMW,4.0,1316563200
A2DARIL2TWUOLS,BT008UKTMW,2.0,1373328000
A7ETK9SC1HAMP,BT008UKTMW,5.0,1397088000
A5FUA9HEV2O42,BT008UKTMW,5.0,1405987200
A84WRQR47OOKR,BT008UKTMW,1.0,1401753600
A180UGKKYCPDH0,BT008UKTMW,5.0,1369353600
A2R6Q6KJCYSVH7,BT008UKTMW,3.0,1343520000
A2IGIIABRZ5LAB,BT008UKTMW,5.0,1356739200
A2YZI3C9MOHC0L,BT008UKTMW,5.0,1396569600
A322MDK0M89RHN,BT008UKTMW,5.0,1313366400
A1MH90R0ADMIK0,BT008UKTMW,4.0,1404172800
A10M2KEFPEQDHN,BT008UKTMW,4.0,1297555200
A37B1XSZUYNSNK,B00LMOH8DU,5.0,1405036800
A3FOXB6244Y5PC,B00LNUH5X6,5.0,1404864000
AELQMX8YAEEYI,B00LOLBBQQ,5.0,1405382400
AG1NNE1V43RWC,B00LOLBBQQ,1.0,1405468800
A2QW4HHHC6XWH4,B00LPQRT34,4.0,1405209600
A2025SOZT6OE6D,B00LS5WBYE,5.0,1405641600
A2DOJYSPCLCQIT,B00LTAUTHE,5.0,1405382400
A1PB6OT0OOPKNQ,B00LXEC8CU,5.0,1405641600
A1MTPZKAYVSES3,BT008G3W52,5.0,1355702400
AS7WVL4JGN1FI,BT008SXQ4C,1.0,1326067200
A3GGII8ILEUI4P,BT008T2BGK,5.0,1320883200
ATK4Q037EM13F,BT008UKTMW,4.0,1356134400
AT10LK8R9MLHT,BT008UKTMW,3.0,1293753600
AKVMJCP7T93X1,BT008UKTMW,5.0,1394928000
A2H4BLBXDNSZ2O,BT008UKTMW,4.0,1316563200
A2DARIL2TWUOLS,BT008UKTMW,2.0,1373328000
A7ETK9SC1HAMP,BT008UKTMW,5.0,1397088000
A5FUA9HEV2O42,BT008UKTMW,5.0,1405987200
A84WRQR47OOKR,BT008UKTMW,1.0,1401753600
A180UGKKYCPDH0,BT008UKTMW,5.0,1369353600
A2R6Q6KJCYSVH7,BT008UKTMW,3.0,1343520000
A2IGIIABRZ5LAB,BT008UKTMW,5.0,1356739200
A2YZI3C9MOHC0L,BT008UKTMW,5.0,1396569600
A322MDK0M89RHN,BT008UKTMW,5.0,1313366400
A1MH90R0ADMIK0,BT008UKTMW,4.0,1404172800
A10M2KEFPEQDHN,BT008UKTMW,4.0,1297555200
A37B1XSZUYNSNK,B00LMOH8DU,5.0,1405036800
A3FOXB6244Y5PC,B00LNUH5X6,5.0,1404864000
AELQMX8YAEEYI,B00LOLBBQQ,5.0,1405382400
AG1NNE1V43RWC,B00LOLBBQQ,1.0,1405468800
A2QW4HHHC6XWH4,B00LPQRT34,4.0,1405209600
A2025SOZT6OE6D,B00LS5WBYE,5.0,1405641600
A2DOJYSPCLCQIT,B00LTAUTHE,5.0,1405382400
A1PB6OT0OOPKNQ,B00LXEC8CU,5.0,1405641600
A1MTPZKAYVSES3,BT008G3W52,5.0,1355702400
AS7WVL4JGN1FI,BT008SXQ4C,1.0,1326067200
A3GGII8ILEUI4P,BT008T2BGK,5.0,1320883200
ATK4Q037EM13F,BT008UKTMW,4.0,1356134400
AT10LK8R9MLHT,BT008UKTMW,3.0,1293753600
AKVMJCP7T93X1,BT008UKTMW,5.0,1394928000
A2H4BLBXDNSZ2O,BT008UKTMW,4.0,1316563200
A2DARIL2TWUOLS,BT008UKTMW,2.0,1373328000
A7ETK9SC1HAMP,BT008UKTMW,5.0,1397088000
A5FUA9HEV2O42,BT008UKTMW,5.0,1405987200
A84WRQR47OOKR,BT008UKTMW,1.0,1401753600
A180UGKKYCPDH0,BT008UKTMW,5.0,1369353600
A2R6Q6KJCYSVH7,BT008UKTMW,3.0,1343520000
A2IGIIABRZ5LAB,BT008UKTMW,5.0,1356739200
A2YZI3C9MOHC0L,BT008UKTMW,5.0,1396569600
A322MDK0M89RHN,BT008UKTMW,5.0,1313366400
A1MH90R0ADMIK0,BT008UKTMW,4.0,1404172800
A10M2KEFPEQDHN,BT008UKTMW,4.0,1297555200
A37B1XSZUYNSNK,B00LMOH8DU,5.0,1405036800
A3FOXB6244Y5PC,B00LNUH5X6,5.0,1404864000
AELQMX8YAEEYI,B00LOLBBQQ,5.0,1405382400
AG1NNE1V43RWC,B00LOLBBQQ,1.0,1405468800
A2QW4HHHC6XWH4,B00LPQRT34,4.0,1405209600
A2025SOZT6OE6D,B00LS5WBYE,5.0,1405641600
A2DOJYSPCLCQIT,B00LTAUTHE,5.0,1405382400
A1PB6OT0OOPKNQ,B00LXEC8CU,5.0,1405641600
A1MTPZKAYVSES3,BT008G3W52,5.0,1355702400
AS7WVL4JGN1FI,BT008SXQ4C,1.0,1326067200
A3GGII8ILEUI4P,BT008T2BGK,5.0,1320883200
ATK4Q037EM13F,BT008UKTMW,4.0,1356134400
AT10LK8R9MLHT,BT008UKTMW,3.0,1293753600
AKVMJCP7T93X1,BT008UKTMW,5.0,1394928000
A2H4BLBXDNSZ2O,BT008UKTMW,4.0,1316563200
A2DARIL2TWUOLS,BT008UKTMW,2.0,1373328000
A7ETK9SC1HAMP,BT008UKTMW,5.0,1397088000
A5FUA9HEV2O42,BT008UKTMW,5.0,1405987200
A84WRQR47OOKR,BT008UKTMW,1.0,1401753600
A180UGKKYCPDH0,BT008UKTMW,5.0,1369353600
A2R6Q6KJCYSVH7,BT008UKTMW,3.0,1343520000
A2IGIIABRZ5LAB,BT008UKTMW,5.0,1356739200
A2YZI3C9MOHC0L,BT008UKTMW,5.0,1396569600
A322MDK0M89RHN,BT008UKTMW,5.0,1313366400
A1MH90R0ADMIK0,BT008UKTMW,4.0,1404172800
A10M2KEFPEQDHN,BT008UKTMW,4.0,1297555200
A37B1XSZUYNSNK,B00LMOH8DU,5.0,1405036800
A3FOXB6244Y5PC,B00LNUH5X6,5.0,1404864000
AELQMX8YAEEYI,B00LOLBBQQ,5.0,1405382400
AG1NNE1V43RWC,B00LOLBBQQ,1.0,1405468800
A2QW4HHHC6XWH4,B00LPQRT34,4.0,1405209600
A2025SOZT6OE6D,B00LS5WBYE,5.0,1405641600
A2DOJYSPCLCQIT,B00LTAUTHE,5.0,1405382400
A1PB6OT0OOPKNQ,B00LXEC8CU,5.0,1405641600
A1MTPZKAYVSES3,BT008G3W52,5.0,1355702400
AS7WVL4JGN1FI,BT008SXQ4C,1.0,1326067200
A3GGII8ILEUI4P,BT008T2BGK,5.0,1320883200
ATK4Q037EM13F,BT008UKTMW,4.0,1356134400
AT10LK8R9MLHT,BT008UKTMW,3.0,1293753600
AKVMJCP7T93X1,BT008UKTMW,5.0,1394928000
A2H4BLBXDNSZ2O,BT008UKTMW,4.0,1316563200
A2DARIL2TWUOLS,BT008UKTMW,2.0,1373328000
A7ETK9SC1HAMP,BT008UKTMW,5.0,1397088000
A5FUA9HEV2O42,BT008UKTMW,5.0,1405987200
A84WRQR47OOKR,BT008UKTMW,1.0,1401753600
A180UGKKYCPDH0,BT008UKTMW,5.0,1369353600
A2R6Q6KJCYSVH7,BT008UKTMW,3.0,1343520000
A2IGIIABRZ5LAB,BT008UKTMW,5.0,1356739200
A2YZI3C9MOHC0L,BT008UKTMW,5.0,1396569600
A322MDK0M89RHN,BT008UKTMW,5.0,1313366400
A1MH90R0ADMIK0,BT008UKTMW,4.0,1404172800
A10M2KEFPEQDHN,BT008UKTMW,4.0,1297555200
A37B1XSZUYNSNK,B00LMOH8DU,5.0,1405036800
A3FOXB6244Y5PC,B00LNUH5X6,5.0,1404864000
AELQMX8YAEEYI,B00LOLBBQQ,5.0,1405382400
AG1NNE1V43RWC,B00LOLBBQQ,1.0,1405468800
A2QW4HHHC6XWH4,B00LPQRT34,4.0,1405209600
A2025SOZT6OE6D,B00LS5WBYE,5.0,1405641600
A2DOJYSPCLCQIT,B00LTAUTHE,5.0,1405382400
A1PB6OT0OOPKNQ,B00LXEC8CU,5.0,1405641600
A1MTPZKAYVSES3,BT008G3W52,5.0,1355702400
AS7WVL4JGN1FI,BT008SXQ4C,1.0,1326067200
A3GGII8ILEUI4P,BT008T2BGK,5.0,1320883200
ATK4Q037EM13F,BT008UKTMW,4.0,1356134400
AT10LK8R9MLHT,BT008UKTMW,3.0,1293753600
AKVMJCP7T93X1,BT008UKTMW,5.0,1394928000
A2H4BLBXDNSZ2O,BT008UKTMW,4.0,1316563200
A2DARIL2TWUOLS,BT008UKTMW,2.0,1373328000
A7ETK9SC1HAMP,BT008UKTMW,5.0,1397088000
A5FUA9HEV2O42,BT008UKTMW,5.0,1405987200
A84WRQR47OOKR,BT008UKTMW,1.0,1401753600
A180UGKKYCPDH0,BT008UKTMW,5.0,1369353600
A2R6Q6KJCYSVH7,BT008UKTMW,3.0,1343520000
A2IGIIABRZ5LAB,BT008UKTMW,5.0,1356739200
A2YZI3C9MOHC0L,BT008UKTMW,5.0,1396569600
A322MDK0M89RHN,BT008UKTMW,5.0,1313366400
A1MH90R0ADMIK0,BT008UKTMW,4.0,1404172800
A10M2KEFPEQDHN,BT008UKTMW,4.0,1297555200
A37B1XSZUYNSNK,B00LMOH8DU,5.0,1405036800
A3FOXB6244Y5PC,B00LNUH5X6,5.0,1404864000
AELQMX8YAEEYI,B00LOLBBQQ,5.0,1405382400
AG1NNE1V43RWC,B00LOLBBQQ,1.0,1405468800
A2QW4HHHC6XWH4,B00LPQRT34,4.0,1405209600
A2025SOZT6OE6D,B00LS5WBYE,5.0,1405641600
A2DOJYSPCLCQIT,B00LTAUTHE,5.0,1405382400
A1PB6OT0OOPKNQ,B00LXEC8CU,5.0,1405641600
A1MTPZKAYVSES3,BT008G3W52,5.0,1355702400
AS7WVL4JGN1FI,BT008SXQ4C,1.0,1326067200
A3GGII8ILEUI4P,BT008T2BGK,5.0,1320883200
ATK4Q037EM13F,BT008UKTMW,4.0,1356134400
AT10LK8R9MLHT,BT008UKTMW,3.0,1293753600
AKVMJCP7T93X1,BT008UKTMW,5.0,1394928000
A2H4BLBXDNSZ2O,BT008UKTMW,4.0,1316563200
A2DARIL2TWUOLS,BT008UKTMW,2.0,1373328000
A7ETK9SC1HAMP,BT008UKTMW,5.0,1397088000
A5FUA9HEV2O42,BT008UKTMW,5.0,1405987200
A84WRQR47OOKR,BT008UKTMW,1.0,1401753600
A180UGKKYCPDH0,BT008UKTMW,5.0,1369353600
A2R6Q6KJCYSVH7,BT008UKTMW,3.0,1343520000
A2IGIIABRZ5LAB,BT008UKTMW,5.0,1356739200
A2YZI3C9MOHC0L,BT008UKTMW,5.0,1396569600
A322MDK0M89RHN,BT008UKTMW,5.0,1313366400
A1MH90R0ADMIK0,BT008UKTMW,4.0,1404172800
A10M2KEFPEQDHN,BT008UKTMW,4.0,1297555200
A37B1XSZUYNSNK,B00LMOH8DU,5.0,1405036800
A3FOXB6244Y5PC,B00LNUH5X6,5.0,1404864000
AELQMX8YAEEYI,B00LOLBBQQ,5.0,1405382400
AG1NNE1V43RWC,B00LOLBBQQ,1.0,1405468800
A2QW4HHHC6XWH4,B00LPQRT34,4.0,1405209600
A2025SOZT6OE6D,B00LS5WBYE,5.0,1405641600
A2DOJYSPCLCQIT,B00LTAUTHE,5.0,1405382400
A1PB6OT0OOPKNQ,B00LXEC8CU,5.0,1405641600
A1MTPZKAYVSES3,BT008G3W52,5.0,1355702400
AS7WVL4JGN1FI,BT008SXQ4C,1.0,1326067200
A3GGII8ILEUI4P,BT008T2BGK,5.0,1320883200
ATK4Q037EM13F,BT008UKTMW,4.0,1356134400
AT10LK8R9MLHT,BT008UKTMW,3.0,1293753600
AKVMJCP7T93X1,BT008UKTMW,5.0,1394928000
A2H4BLBXDNSZ2O,BT008UKTMW,4.0,1316563200
A2DARIL2TWUOLS,BT008UKTMW,2.0,1373328000
A7ETK9SC1HAMP,BT008UKTMW,5.0,1397088000
A5FUA9HEV2O42,BT008UKTMW,5.0,1405987200
A84WRQR47OOKR,BT008UKTMW,1.0,1401753600
A180UGKKYCPDH0,BT008UKTMW,5.0,1369353600
A2R6Q6KJCYSVH7,BT008UKTMW,3.0,1343520000
A2IGIIABRZ5LAB,BT008UKTMW,5.0,1356739200
A2YZI3C9MOHC0L,BT008UKTMW,5.0,1396569600
A322MDK0M89RHN,BT008UKTMW,5.0,1313366400
A1MH90R0ADMIK0,BT008UKTMW,4.0,1404172800
A10M2KEFPEQDHN,BT008UKTMW,4.0,1297555200
A37B1XSZUYNSNK,B00LMOH8DU,5.0,1405036800
A3FOXB6244Y5PC,B00LNUH5X6,5.0,1404864000
AELQMX8YAEEYI,B00LOLBBQQ,5.0,1405382400
AG1NNE1V43RWC,B00LOLBBQQ,1.0,1405468800
A2QW4HHHC6XWH4,B00LPQRT34,4.0,1405209600
A2025SOZT6OE6D,B00LS5WBYE,5.0,1405641600
A2DOJYSPCLCQIT,B00LTAUTHE,5.0,1405382400
A1PB6OT0OOPKNQ,B00LXEC8CU,5.0,1405641600
A1MTPZKAYVSES3,BT008G3W52,5.0,1355702400
AS7WVL4JGN1FI,BT008SXQ4C,1.0,1326067200
A3GGII8ILEUI4P,BT008T2BGK,5.0,1320883200
ATK4Q037EM13F,BT008UKTMW,4.0,1356134400
AT10LK8R9MLHT,BT008UKTMW,3.0,1293753600
AKVMJCP7T93X1,BT008UKTMW,5.0,1394928000
A2H4BLBXDNSZ2O,BT008UKTMW,4.0,1316563200
A2DARIL2TWUOLS,BT008UKTMW,2.0,1373328000
A7ETK9SC1HAMP,BT008UKTMW,5.0,1397088000
A5FUA9HEV2O42,BT008UKTMW,5.0,1405987200
A84WRQR47OOKR,BT008UKTMW,1.0,1401753600
A180UGKKYCPDH0,BT008UKTMW,5.0,1369353600
A2R6Q6KJCYSVH7,BT008UKTMW,3.0,1343520000
A2IGIIABRZ5LAB,BT008UKTMW,5.0,1356739200
A2YZI3C9MOHC0L,BT008UKTMW,5.0,1396569600
A322MDK0M89RHN,BT008UKTMW,5.0,1313366400
A1MH90R0ADMIK0,BT008UKTMW,4.0,1404172800
A10M2KEFPEQDHN,BT008UKTMW,4.0,1297555200
A37B1XSZUYNSNK,B00LMOH8DU,5.0,1405036800
A3FOXB6244Y5PC,B00LNUH5X6,5.0,1404864000
AELQMX8YAEEYI,B00LOLBBQQ,5.0,1405382400
AG1NNE1V43RWC,B00LOLBBQQ,1.0,1405468800
A2QW4HHHC6XWH4,B00LPQRT34,4.0,1405209600
A2025SOZT6OE6D,B00LS5WBYE,5.0,1405641600
A2DOJYSPCLCQIT,B00LTAUTHE,5.0,1405382400
A1PB6OT0OOPKNQ,B00LXEC8CU,5.0,1405641600
A1MTPZKAYVSES3,BT008G3W52,5.0,1355702400
AS7WVL4JGN1FI,BT008SXQ4C,1.0,1326067200
A3GGII8ILEUI4P,BT008T2BGK,5.0,1320883200
ATK4Q037EM13F,BT008UKTMW,4.0,1356134400
AT10LK8R9MLHT,BT008UKTMW,3.0,1293753600
AKVMJCP7T93X1,BT008UKTMW,5.0,1394928000
A2H4BLBXDNSZ2O,BT008UKTMW,4.0,1316563200
A2DARIL2TWUOLS,BT008UKTMW,2.0,1373328000
A7ETK9SC1HAMP,BT008UKTMW,5.0,1397088000
A5FUA9HEV2O42,BT008UKTMW,5.0,1405987200
A84WRQR47OOKR,BT008UKTMW,1.0,1401753600
A180UGKKYCPDH0,BT008UKTMW,5.0,1369353600
A2R6Q6KJCYSVH7,BT008UKTMW,3.0,1343520000
A2IGIIABRZ5LAB,BT008UKTMW,5.0,1356739200
A2YZI3C9MOHC0L,BT008UKTMW,5.0,1396569600
A322MDK0M89RHN,BT008UKTMW,5.0,1313366400
A1MH90R0ADMIK0,BT008UKTMW,4.0,1404172800
A10M2KEFPEQDHN,BT008UKTMW,4.0,1297555200
A37B1XSZUYNSNK,B00LMOH8DU,5.0,1405036800
A3FOXB6244Y5PC,B00LNUH5X6,5.0,1404864000
AELQMX8YAEEYI,B00LOLBBQQ,5.0,1405382400
AG1NNE1V43RWC,B00LOLBBQQ,1.0,1405468800
A2QW4HHHC6XWH4,B00LPQRT34,4.0,1405209600
A2025SOZT6OE6D,B00LS5WBYE,5.0,1405641600
A2DOJYSPCLCQIT,B00LTAUTHE,5.0,1405382400
A1PB6OT0OOPKNQ,B00LXEC8CU,5.0,1405641600
A1MTPZKAYVSES3,BT008G3W52,5.0,1355702400
AS7WVL4JGN1FI,BT008SXQ4C,1.0,1326067200
A3GGII8ILEUI4P,BT008T2BGK,5.0,1320883200
ATK4Q037EM13F,BT008UKTMW,4.0,1356134400
AT10LK8R9MLHT,BT008UKTMW,3.0,1293753600
AKVMJCP7T93X1,BT008UKTMW,5.0,1394928000
A2H4BLBXDNSZ2O,BT008UKTMW,4.0,1316563200
A2DARIL2TWUOLS,BT008UKTMW,2.0,1373328000
A7ETK9SC1HAMP,BT008UKTMW,5.0,1397088000
A5FUA9HEV2O42,BT008UKTMW,5.0,1405987200
A84WRQR47OOKR,BT008UKTMW,1.0,1401753600
A180UGKKYCPDH0,BT008UKTMW,5.0,1369353600
A2R6Q6KJCYSVH7,BT008UKTMW,3.0,1343520000
A2IGIIABRZ5LAB,BT008UKTMW,5.0,1356739200
A2YZI3C9MOHC0L,BT008UKTMW,5.0,1396569600
A322MDK0M89RHN,BT008UKTMW,5.0,1313366400
A1MH90R0ADMIK0,BT008UKTMW,4.0,1404172800
A10M2KEFPEQDHN,BT008UKTMW,4.0,1297555200
A37B1XSZUYNSNK,B00LMOH8DU,5.0,1405036800
A3FOXB6244Y5PC,B00LNUH5X6,5.0,1404864000
AELQMX8YAEEYI,B00LOLBBQQ,5.0,1405382400
AG1NNE1V43RWC,B00LOLBBQQ,1.0,1405468800
A2QW4HHHC6XWH4,B00LPQRT34,4.0,1405209600
A2025SOZT6OE6D,B00LS5WBYE,5.0,1405641600
A2DOJYSPCLCQIT,B00LTAUTHE,5.0,1405382400
A1PB6OT0OOPKNQ,B00LXEC8CU,5.0,1405641600
A1MTPZKAYVSES3,BT008G3W52,5.0,1355702400
AS7WVL4JGN1FI,BT008SXQ4C,1.0,1326067200
A3GGII8ILEUI4P,BT008T2BGK,5.0,1320883200
ATK4Q037EM13F,BT008UKTMW,4.0,1356134400
AT10LK8R9MLHT,BT008UKTMW,3.0,1293753600
AKVMJCP7T93X1,BT008UKTMW,5.0,1394928000
A2H4BLBXDNSZ2O,BT008UKTMW,4.0,1316563200
A2DARIL2TWUOLS,BT008UKTMW,2.0,1373328000
A7ETK9SC1HAMP,BT008UKTMW,5.0,1397088000
A5FUA9HEV2O42,BT008UKTMW,5.0,1405987200
A84WRQR47OOKR,BT008UKTMW,1.0,1401753600
A180UGKKYCPDH0,BT008UKTMW,5.0,1369353600
A2R6Q6KJCYSVH7,BT008UKTMW,3.0,1343520000
A2IGIIABRZ5LAB,BT008UKTMW,5.0,1356739200
A2YZI3C9MOHC0L,BT008UKTMW,5.0,1396569600
A322MDK0M89RHN,BT008UKTMW,5.0,1313366400
A1MH90R0ADMIK0,BT008UKTMW,4.0,1404172800
A10M2KEFPEQDHN,BT008UKTMW,4.0,1297555200
A37B1XSZUYNSNK,B00LMOH8DU,5.0,1405036800
A3FOXB6244Y5PC,B00LNUH5X6,5.0,1404864000
AELQMX8YAEEYI,B00LOLBBQQ,5.0,1405382400
AG1NNE1V43RWC,B00LOLBBQQ,1.0,1405468800
A2QW4HHHC6XWH4,B00LPQRT34,4.0,1405209600
A2025SOZT6OE6D,B00LS5WBYE,5.0,1405641600
A2DOJYSPCLCQIT,B00LTAUTHE,5.0,1405382400
A1PB6OT0OOPKNQ,B00LXEC8CU,5.0,1405641600
A1MTPZKAYVSES3,BT008G3W52,5.0,1355702400
AS7WVL4JGN1FI,BT008SXQ4C,1.0,1326067200
A3GGII8ILEUI4P,BT008T2BGK,5.0,1320883200
ATK4Q037EM13F,BT008UKTMW,4.0,1356134400
AT10LK8R9MLHT,BT008UKTMW,3.0,1293753600
AKVMJCP7T93X1,BT008UKTMW,5.0,1394928000
A2H4BLBXDNSZ2O,BT008UKTMW,4.0,1316563200
A2DARIL2TWUOLS,BT008UKTMW,2.0,1373328000
A7ETK9SC1HAMP,BT008UKTMW,5.0,1397088000
A5FUA9HEV2O42,BT008UKTMW,5.0,1405987200
A84WRQR47OOKR,BT008UKTMW,1.0,1401753600
A180UGKKYCPDH0,BT008UKTMW,5.0,1369353600
A2R6Q6KJCYSVH7,BT008UKTMW,3.0,1343520000
A2IGIIABRZ5LAB,BT008UKTMW,5.0,1356739200
A2YZI3C9MOHC0L,BT008UKTMW,5.0,1396569600
A322MDK0M89RHN,BT008UKTMW,5.0,1313366400
A1MH90R0ADMIK0,BT008UKTMW,4.0,1404172800
A10M2KEFPEQDHN,BT008UKTMW,4.0,1297555200
A37B1XSZUYNSNK,B00LMOH8DU,5.0,1405036800
A3FOXB6244Y5PC,B00LNUH5X6,5.0,1404864000
AELQMX8YAEEYI,B00LOLBBQQ,5.0,1405382400
AG1NNE1V43RWC,B00LOLBBQQ,1.0,1405468800
A2QW4HHHC6XWH4,B00LPQRT34,4.0,1405209600
A2025SOZT6OE6D,B00LS5WBYE,5.0,1405641600
A2DOJYSPCLCQIT,B00LTAUTHE,5.0,1405382400
A1PB6OT0OOPKNQ,B00LXEC8CU,5.0,1405641600
A1MTPZKAYVSES3,BT008G3W52,5.0,1355702400
AS7WVL4JGN1FI,BT008SXQ4C,1.0,1326067200
A3GGII8ILEUI4P,BT008T2BGK,5.0,1320883200
ATK4Q037EM13F,BT008UKTMW,4.0,1356134400
AT10LK8R9MLHT,BT008UKTMW,3.0,1293753600
AKVMJCP7T93X1,BT008UKTMW,5.0,1394928000
A2H4BLBXDNSZ2O,BT008UKTMW,4.0,1316563200
A2DARIL2TWUOLS,BT008UKTMW,2.0,1373328000
A7ETK9SC1HAMP,BT008UKTMW,5.0,1397088000
A5FUA9HEV2O42,BT008UKTMW,5.0,1405987200
A84WRQR47OOKR,BT008UKTMW,1.0,1401753600
A180UGKKYCPDH0,BT008UKTMW,5.0,1369353600
A2R6Q6KJCYSVH7,BT008UKTMW,3.0,1343520000
A2IGIIABRZ5LAB,BT008UKTMW,5.0,1356739200
A2YZI3C9MOHC0L,BT008UKTMW,5.0,1396569600
A322MDK0M89RHN,BT008UKTMW,5.0,1313366400
A1MH90R0ADMIK0,BT008UKTMW,4.0,1404172800
A10M2KEFPEQDHN,BT008UKTMW,4.0,1297555200
A37B1XSZUYNSNK,B00LMOH8DU,5.0,1405036800
A3FOXB6244Y5PC,B00LNUH5X6,5.0,1404864000
AELQMX8YAEEYI,B00LOLBBQQ,5.0,1405382400
AG1NNE1V43RWC,B00LOLBBQQ,1.0,1405468800
A2QW4HHHC6XWH4,B00LPQRT34,4.0,1405209600
A2025SOZT6OE6D,B00LS5WBYE,5.0,1405641600
A2DOJYSPCLCQIT,B00LTAUTHE,5.0,1405382400
A1PB6OT0OOPKNQ,B00LXEC8CU,5.0,1405641600
A1MTPZKAYVSES3,BT008G3W52,5.0,1355702400
AS7WVL4JGN1FI,BT008SXQ4C,1.0,1326067200
A3GGII8ILEUI4P,BT008T2BGK,5.0,1320883200
ATK4Q037EM13F,BT008UKTMW,4.0,1356134400
AT10LK8R9MLHT,BT008UKTMW,3.0,1293753600
AKVMJCP7T93X1,BT008UKTMW,5.0,1394928000
A2H4BLBXDNSZ2O,BT008UKTMW,4.0,1316563200
A2DARIL2TWUOLS,BT008UKTMW,2.0,1373328000
A7ETK9SC1HAMP,BT008UKTMW,5.0,1397088000
A5FUA9HEV2O42,BT008UKTMW,5.0,1405987200
A84WRQR47OOKR,BT008UKTMW,1.0,1401753600
A180UGKKYCPDH0,BT008UKTMW,5.0,1369353600
A2R6Q6KJCYSVH7,BT008UKTMW,3.0,1343520000
A2IGIIABRZ5LAB,BT008UKTMW,5.0,1356739200
A2YZI3C9MOHC0L,BT008UKTMW,5.0,1396569600
A322MDK0M89RHN,BT008UKTMW,5.0,1313366400
A1MH90R0ADMIK0,BT008UKTMW,4.0,1404172800
A10M2KEFPEQDHN,BT008UKTMW,4.0,1297555200
A37B1XSZUYNSNK,B00LMOH8DU,5.0,1405036800
A3FOXB6244Y5PC,B00LNUH5X6,5.0,1404864000
AELQMX8YAEEYI,B00LOLBBQQ,5.0,1405382400
AG1NNE1V43RWC,B00LOLBBQQ,1.0,1405468800
A2QW4HHHC6XWH4,B00LPQRT34,4.0,1405209600
A2025SOZT6OE6D,B00LS5WBYE,5.0,1405641600
A2DOJYSPCLCQIT,B00LTAUTHE,5.0,1405382400
A1PB6OT0OOPKNQ,B00LXEC8CU,5.0,1405641600
A1MTPZKAYVSES3,BT008G3W52,5.0,1355702400
AS7WVL4JGN1FI,BT008SXQ4C,1.0,1326067200
A3GGII8ILEUI4P,BT008T2BGK,5.0,1320883200
ATK4Q037EM13F,BT008UKTMW,4.0,1356134400
AT10LK8R9MLHT,BT008UKTMW,3.0,1293753600
AKVMJCP7T93X1,BT008UKTMW,5.0,1394928000
A2H4BLBXDNSZ2O,BT008UKTMW,4.0,1316563200
A2DARIL2TWUOLS,BT008UKTMW,2.0,1373328000
A7ETK9SC1HAMP,BT008UKTMW,5.0,1397088000
A5FUA9HEV2O42,BT008UKTMW,5.0,1405987200
A84WRQR47OOKR,BT008UKTMW,1.0,1401753600
A180UGKKYCPDH0,BT008UKTMW,5.0,1369353600
A2R6Q6KJCYSVH7,BT008UKTMW,3.0,1343520000
A2IGIIABRZ5LAB,BT008UKTMW,5.0,1356739200
A2YZI3C9MOHC0L,BT008UKTMW,5.0,1396569600
A322MDK0M89RHN,BT008UKTMW,5.0,1313366400
A1MH90R0ADMIK0,BT008UKTMW,4.0,1404172800
A10M2KEFPEQDHN,BT008UKTMW,4.0,1297555200
A37B1XSZUYNSNK,B00LMOH8DU,5.0,1405036800
A3FOXB6244Y5PC,B00LNUH5X6,5.0,1404864000
AELQMX8YAEEYI,B00LOLBBQQ,5.0,1405382400
AG1NNE1V43RWC,B00LOLBBQQ,1.0,1405468800
A2QW4HHHC6XWH4,B00LPQRT34,4.0,1405209600
A2025SOZT6OE6D,B00LS5WBYE,5.0,1405641600
A2DOJYSPCLCQIT,B00LTAUTHE,5.0,1405382400
A1PB6OT0OOPKNQ,B00LXEC8CU,5.0,1405641600
A1MTPZKAYVSES3,BT008G3W52,5.0,1355702400
AS7WVL4JGN1FI,BT008SXQ4C,1.0,1326067200
A3GGII8ILEUI4P,BT008T2BGK,5.0,1320883200
ATK4Q037EM13F,BT008UKTMW,4.0,1356134400
AT10LK8R9MLHT,BT008UKTMW,3.0,1293753600
AKVMJCP7T93X1,BT008UKTMW,5.0,1394928000
A2H4BLBXDNSZ2O,BT008UKTMW,4.0,1316563200
A2DARIL2TWUOLS,BT008UKTMW,2.0,1373328000
A7ETK9SC1HAMP,BT008UKTMW,5.0,1397088000
A5FUA9HEV2O42,BT008UKTMW,5.0,1405987200
A84WRQR47OOKR,BT008UKTMW,1.0,1401753600
A180UGKKYCPDH0,BT008UKTMW,5.0,1369353600
A2R6Q6KJCYSVH7,BT008UKTMW,3.0,1343520000
A2IGIIABRZ5LAB,BT008UKTMW,5.0,1356739200
A2YZI3C9MOHC0L,BT008UKTMW,5.0,1396569600
A322MDK0M89RHN,BT008UKTMW,5.0,1313366400
A1MH90R0ADMIK0,BT008UKTMW,4.0,1404172800
A10M2KEFPEQDHN,BT008UKTMW,4.0,1297555200
A37B1XSZUYNSNK,B00LMOH8DU,5.0,1405036800
A3FOXB6244Y5PC,B00LNUH5X6,5.0,1404864000
AELQMX8YAEEYI,B00LOLBBQQ,5.0,1405382400
AG1NNE1V43RWC,B00LOLBBQQ,1.0,1405468800
A2QW4HHHC6XWH4,B00LPQRT34,4.0,1405209600
A2025SOZT6OE6D,B00LS5WBYE,5.0,1405641600
A2DOJYSPCLCQIT,B00LTAUTHE,5.0,1405382400
A1PB6OT0OOPKNQ,B00LXEC8CU,5.0,1405641600
A1MTPZKAYVSES3,BT008G3W52,5.0,1355702400
AS7WVL4JGN1FI,BT008SXQ4C,1.0,1326067200
A3GGII8ILEUI4P,BT008T2BGK,5.0,1320883200
ATK4Q037EM13F,BT008UKTMW,4.0,1356134400
AT10LK8R9MLHT,BT008UKTMW,3.0,1293753600
AKVMJCP7T93X1,BT008UKTMW,5.0,1394928000
A2H4BLBXDNSZ2O,BT008UKTMW,4.0,1316563200
A2DARIL2TWUOLS,BT008UKTMW,2.0,1373328000
A7ETK9SC1HAMP,BT008UKTMW,5.0,1397088000
A5FUA9HEV2O42,BT008UKTMW,5.0,1405987200
A84WRQR47OOKR,BT008UKTMW,1.0,1401753600
A180UGKKYCPDH0,BT008UKTMW,5.0,1369353600
A2R6Q6KJCYSVH7,BT008UKTMW,3.0,1343520000
A2IGIIABRZ5LAB,BT008UKTMW,5.0,1356739200
A2YZI3C9MOHC0L,BT008UKTMW,5.0,1396569600
A322MDK0M89RHN,BT008UKTMW,5.0,1313366400
A1MH90R0ADMIK0,BT008UKTMW,4.0,1404172800
A10M2KEFPEQDHN,BT008UKTMW,4.0,1297555200
A37B1XSZUYNSNK,B00LMOH8DU,5.0,1405036800
A3FOXB6244Y5PC,B00LNUH5X6,5.0,1404864000
AELQMX8YAEEYI,B00LOLBBQQ,5.0,1405382400
AG1NNE1V43RWC,B00LOLBBQQ,1.0,1405468800
A2QW4HHHC6XWH4,B00LPQRT34,4.0,1405209600
A2025SOZT6OE6D,B00LS5WBYE,5.0,1405641600
A2DOJYSPCLCQIT,B00LTAUTHE,5.0,1405382400
A1PB6OT0OOPKNQ,B00LXEC8CU,5.0,1405641600
A1MTPZKAYVSES3,BT008G3W52,5.0,1355702400
AS7WVL4JGN1FI,BT008SXQ4C,1.0,1326067200
A3GGII8ILEUI4P,BT008T2BGK,5.0,1320883200
ATK4Q037EM13F,BT008UKTMW,4.0,1356134400
AT10LK8R9MLHT,BT008UKTMW,3.0,1293753600
AKVMJCP7T93X1,BT008UKTMW,5.0,1394928000
A2H4BLBXDNSZ2O,BT008UKTMW,4.0,1316563200
A2DARIL2TWUOLS,BT008UKTMW,2.0,1373328000
A7ETK9SC1HAMP,BT008UKTMW,5.0,1397088000
A5FUA9HEV2O42,BT008UKTMW,5.0,1405987200
A84WRQR47OOKR,BT008UKTMW,1.0,1401753600
A180UGKKYCPDH0,BT008UKTMW,5.0,1369353600
A2R6Q6KJCYSVH7,BT008UKTMW,3.0,1343520000
A2IGIIABRZ5LAB,BT008UKTMW,5.0,1356739200
A2YZI3C9MOHC0L,BT008UKTMW,5.0,1396569600
A322MDK0M89RHN,BT008UKTMW,5.0,1313366400
A1MH90R0ADMIK0,BT008UKTMW,4.0,1404172800
A10M2KEFPEQDHN,BT008UKTMW,4.0,1297555200
A37B1XSZUYNSNK,B00LMOH8DU,5.0,1405036800
A3FOXB6244Y5PC,B00LNUH5X6,5.0,1404864000
AELQMX8YAEEYI,B00LOLBBQQ,5.0,1405382400
AG1NNE1V43RWC,B00LOLBBQQ,1.0,1405468800
A2QW4HHHC6XWH4,B00LPQRT34,4.0,1405209600
A2025SOZT6OE6D,B00LS5WBYE,5.0,1405641600
A2DOJYSPCLCQIT,B00LTAUTHE,5.0,1405382400
A1PB6OT0OOPKNQ,B00LXEC8CU,5.0,1405641600
A1MTPZKAYVSES3,BT008G3W52,5.0,1355702400
AS7WVL4JGN1FI,BT008SXQ4C,1.0,1326067200
A3GGII8ILEUI4P,BT008T2BGK,5.0,1320883200
ATK4Q037EM13F,BT008UKTMW,4.0,1356134400
AT10LK8R9MLHT,BT008UKTMW,3.0,1293753600
AKVMJCP7T93X1,BT008UKTMW,5.0,1394928000
A2H4BLBXDNSZ2O,BT008UKTMW,4.0,1316563200
A2DARIL2TWUOLS,BT008UKTMW,2.0,1373328000
A7ETK9SC1HAMP,BT008UKTMW,5.0,1397088000
A5FUA9HEV2O42,BT008UKTMW,5.0,1405987200
A84WRQR47OOKR,BT008UKTMW,1.0,1401753600
A180UGKKYCPDH0,BT008UKTMW,5.0,1369353600
A2R6Q6KJCYSVH7,BT008UKTMW,3.0,1343520000
A2IGIIABRZ5LAB,BT008UKTMW,5.0,1356739200
A2YZI3C9MOHC0L,BT008UKTMW,5.0,1396569600
A322MDK0M89RHN,BT008UKTMW,5.0,1313366400
A1MH90R0ADMIK0,BT008UKTMW,4.0,1404172800
A10M2KEFPEQDHN,BT008UKTMW,4.0,1297555200
A37B1XSZUYNSNK,B00LMOH8DU,5.0,1405036800
A3FOXB6244Y5PC,B00LNUH5X6,5.0,1404864000
AELQMX8YAEEYI,B00LOLBBQQ,5.0,1405382400
AG1NNE1V43RWC,B00LOLBBQQ,1.0,1405468800
A2QW4HHHC6XWH4,B00LPQRT34,4.0,1405209600
A2025SOZT6OE6D,B00LS5WBYE,5.0,1405641600
A2DOJYSPCLCQIT,B00LTAUTHE,5.0,1405382400
A1PB6OT0OOPKNQ,B00LXEC8CU,5.0,1405641600
A1MTPZKAYVSES3,BT008G3W52,5.0,1355702400
AS7WVL4JGN1FI,BT008SXQ4C,1.0,1326067200
A3GGII8ILEUI4P,BT008T2BGK,5.0,1320883200
ATK4Q037EM13F,BT008UKTMW,4.0,1356134400
AT10LK8R9MLHT,BT008UKTMW,3.0,1293753600
AKVMJCP7T93X1,BT008UKTMW,5.0,1394928000
A2H4BLBXDNSZ2O,BT008UKTMW,4.0,1316563200
A2DARIL2TWUOLS,BT008UKTMW,2.0,1373328000
A7ETK9SC1HAMP,BT008UKTMW,5.0,1397088000
A5FUA9HEV2O42,BT008UKTMW,5.0,1405987200
A84WRQR47OOKR,BT008UKTMW,1.0,1401753600
A180UGKKYCPDH0,BT008UKTMW,5.0,1369353600
A2R6Q6KJCYSVH7,BT008UKTMW,3.0,1343520000
A2IGIIABRZ5LAB,BT008UKTMW,5.0,1356739200
A2YZI3C9MOHC0L,BT008UKTMW,5.0,1396569600
A322MDK0M89RHN,BT008UKTMW,5.0,1313366400
A1MH90R0ADMIK0,BT008UKTMW,4.0,1404172800
A10M2KEFPEQDHN,BT008UKTMW,4.0,1297555200
A37B1XSZUYNSNK,B00LMOH8DU,5.0,1405036800
A3FOXB6244Y5PC,B00LNUH5X6,5.0,1404864000
AELQMX8YAEEYI,B00LOLBBQQ,5.0,1405382400
AG1NNE1V43RWC,B00LOLBBQQ,1.0,1405468800
A2QW4HHHC6XWH4,B00LPQRT34,4.0,1405209600
A2025SOZT6OE6D,B00LS5WBYE,5.0,1405641600
A2DOJYSPCLCQIT,B00LTAUTHE,5.0,1405382400
A1PB6OT0OOPKNQ,B00LXEC8CU,5.0,1405641600
A1MTPZKAYVSES3,BT008G3W52,5.0,1355702400
AS7WVL4JGN1FI,BT008SXQ4C,1.0,1326067200
A3GGII8ILEUI4P,BT008T2BGK,5.0,1320883200
ATK4Q037EM13F,BT008UKTMW,4.0,1356134400
AT10LK8R9MLHT,BT008UKTMW,3.0,1293753600
AKVMJCP7T93X1,BT008UKTMW,5.0,1394928000
A2H4BLBXDNSZ2O,BT008UKTMW,4.0,1316563200
A2DARIL2TWUOLS,BT008UKTMW,2.0,1373328000
A7ETK9SC1HAMP,BT008UKTMW,5.0,1397088000
A5FUA9HEV2O42,BT008UKTMW,5.0,1405987200
A84WRQR47OOKR,BT008UKTMW,1.0,1401753600
A180UGKKYCPDH0,BT008UKTMW,5.0,1369353600
A2R6Q6KJCYSVH7,BT008UKTMW,3.0,1343520000
A2IGIIABRZ5LAB,BT008UKTMW,5.0,1356739200
A2YZI3C9MOHC0L,BT008UKTMW,5.0,1396569600
A322MDK0M89RHN,BT008UKTMW,5.0,1313366400
A1MH90R0ADMIK0,BT008UKTMW,4.0,1404172800
A10M2KEFPEQDHN,BT008UKTMW,4.0,1297555200
A37B1XSZUYNSNK,B00LMOH8DU,5.0,1405036800
A3FOXB6244Y5PC,B00LNUH5X6,5.0,1404864000
AELQMX8YAEEYI,B00LOLBBQQ,5.0,1405382400
AG1NNE1V43RWC,B00LOLBBQQ,1.0,1405468800
A2QW4HHHC6XWH4,B00LPQRT34,4.0,1405209600
A2025SOZT6OE6D,B00LS5WBYE,5.0,1405641600
A2DOJYSPCLCQIT,B00LTAUTHE,5.0,1405382400
A1PB6OT0OOPKNQ,B00LXEC8CU,5.0,1405641600
A1MTPZKAYVSES3,BT008G3W52,5.0,1355702400
AS7WVL4JGN1FI,BT008SXQ4C,1.0,1326067200
A3GGII8ILEUI4P,BT008T2BGK,5.0,1320883200
ATK4Q037EM13F,BT008UKTMW,4.0,1356134400
AT10LK8R9MLHT,BT008UKTMW,3.0,1293753600
AKVMJCP7T93X1,BT008UKTMW,5.0,1394928000
A2H4BLBXDNSZ2O,BT008UKTMW,4.0,1316563200
A2DARIL2TWUOLS,BT008UKTMW,2.0,1373328000
A7ETK9SC1HAMP,BT008UKTMW,5.0,1397088000
A5FUA9HEV2O42,BT008UKTMW,5.0,1405987200
A84WRQR47OOKR,BT008UKTMW,1.0,1401753600
A180UGKKYCPDH0,BT008UKTMW,5.0,1369353600
A2R6Q6KJCYSVH7,BT008UKTMW,3.0,1343520000
A2IGIIABRZ5LAB,BT008UKTMW,5.0,1356739200
A2YZI3C9MOHC0L,BT008UKTMW,5.0,1396569600
A322MDK0M89RHN,BT008UKTMW,5.0,1313366400
A1MH90R0ADMIK0,BT008UKTMW,4.0,1404172800
A10M2KEFPEQDHN,BT008UKTMW,4.0,1297555200
A37B1XSZUYNSNK,B00LMOH8DU,5.0,1405036800
A3FOXB6244Y5PC,B00LNUH5X6,5.0,1404864000
AELQMX8YAEEYI,B00LOLBBQQ,5.0,1405382400
AG1NNE1V43RWC,B00LOLBBQQ,1.0,1405468800
A2QW4HHHC6XWH4,B00LPQRT34,4.0,1405209600
A2025SOZT6OE6D,B00LS5WBYE,5.0,1405641600
A2DOJYSPCLCQIT,B00LTAUTHE,5.0,1405382400
A1PB6OT0OOPKNQ,B00LXEC8CU,5.0,1405641600
A1MTPZKAYVSES3,BT008G3W52,5.0,1355702400
AS7WVL4JGN1FI,BT008SXQ4C,1.0,1326067200
A3GGII8ILEUI4P,BT008T2BGK,5.0,1320883200
ATK4Q037EM13F,BT008UKTMW,4.0,1356134400
AT10LK8R9MLHT,BT008UKTMW,3.0,1293753600
AKVMJCP7T93X1,BT008UKTMW,5.0,1394928000
A2H4BLBXDNSZ2O,BT008UKTMW,4.0,1316563200
A2DARIL2TWUOLS,BT008UKTMW,2.0,1373328000
A7ETK9SC1HAMP,BT008UKTMW,5.0,1397088000
A5FUA9HEV2O42,BT008UKTMW,5.0,1405987200
A84WRQR47OOKR,BT008UKTMW,1.0,1401753600
A180UGKKYCPDH0,BT008UKTMW,5.0,1369353600
A2R6Q6KJCYSVH7,BT008UKTMW,3.0,1343520000
A2IGIIABRZ5LAB,BT008UKTMW,5.0,1356739200
A2YZI3C9MOHC0L,BT008UKTMW,5.0,1396569600
A322MDK0M89RHN,BT008UKTMW,5.0,1313366400
A1MH90R0ADMIK0,BT008UKTMW,4.0,1404172800
A10M2KEFPEQDHN,BT008UKTMW,4.0,1297555200
A37B1XSZUYNSNK,B00LMOH8DU,5.0,1405036800
A3FOXB6244Y5PC,B00LNUH5X6,5.0,1404864000
AELQMX8YAEEYI,B00LOLBBQQ,5.0,1405382400
AG1NNE1V43RWC,B00LOLBBQQ,1.0,1405468800
A2QW4HHHC6XWH4,B00LPQRT34,4.0,1405209600
A2025SOZT6OE6D,B00LS5WBYE,5.0,1405641600
A2DOJYSPCLCQIT,B00LTAUTHE,5.0,1405382400
A1PB6OT0OOPKNQ,B00LXEC8CU,5.0,1405641600
A1MTPZKAYVSES3,BT008G3W52,5.0,1355702400
AS7WVL4JGN1FI,BT008SXQ4C,1.0,1326067200
A3GGII8ILEUI4P,BT008T2BGK,5.0,1320883200
ATK4Q037EM13F,BT008UKTMW,4.0,1356134400
AT10LK8R9MLHT,BT008UKTMW,3.0,1293753600
AKVMJCP7T93X1,BT008UKTMW,5.0,1394928000
A2H4BLBXDNSZ2O,BT008UKTMW,4.0,1316563200
A2DARIL2TWUOLS,BT008UKTMW,2.0,1373328000
A7ETK9SC1HAMP,BT008UKTMW,5.0,1397088000
A5FUA9HEV2O42,BT008UKTMW,5.0,1405987200
A84WRQR47OOKR,BT008UKTMW,1.0,1401753600
A180UGKKYCPDH0,BT008UKTMW,5.0,1369353600
A2R6Q6KJCYSVH7,BT008UKTMW,3.0,1343520000
A2IGIIABRZ5LAB,BT008UKTMW,5.0,1356739200
A2YZI3C9MOHC0L,BT008UKTMW,5.0,1396569600
A322MDK0M89RHN,BT008UKTMW,5.0,1313366400
A1MH90R0ADMIK0,BT008UKTMW,4.0,1404172800
A10M2KEFPEQDHN,BT008UKTMW,4.0,1297555200
A37B1XSZUYNSNK,B00LMOH8DU,5.0,1405036800
A3FOXB6244Y5PC,B00LNUH5X6,5.0,1404864000
AELQMX8YAEEYI,B00LOLBBQQ,5.0,1405382400
AG1NNE1V43RWC,B00LOLBBQQ,1.0,1405468800
A2QW4HHHC6XWH4,B00LPQRT34,4.0,1405209600
A2025SOZT6OE6D,B00LS5WBYE,5.0,1405641600
A2DOJYSPCLCQIT,B00LTAUTHE,5.0,1405382400
A1PB6OT0OOPKNQ,B00LXEC8CU,5.0,1405641600
A1MTPZKAYVSES3,BT008G3W52,5.0,1355702400
AS7WVL4JGN1FI,BT008SXQ4C,1.0,1326067200
A3GGII8ILEUI4P,BT008T2BGK,5.0,1320883200
ATK4Q037EM13F,BT008UKTMW,4.0,1356134400
AT10LK8R9MLHT,BT008UKTMW,3.0,1293753600
AKVMJCP7T93X1,BT008UKTMW,5.0,1394928000
A2H4BLBXDNSZ2O,BT008UKTMW,4.0,1316563200
A2DARIL2TWUOLS,BT008UKTMW,2.0,1373328000
A7ETK9SC1HAMP,BT008UKTMW,5.0,1397088000
A5FUA9HEV2O42,BT008UKTMW,5.0,1405987200
A84WRQR47OOKR,BT008UKTMW,1.0,1401753600
A180UGKKYCPDH0,BT008UKTMW,5.0,1369353600
A2R6Q6KJCYSVH7,BT008UKTMW,3.0,1343520000
A3FOXB6244Y5PC,B00LNUH5X6,5.0,1404864000
AELQMX8YAEEYI,B00LOLBBQQ,5.0,1405382400
AG1NNE1V43RWC,B00LOLBBQQ,1.0,1405468800
A2QW4HHHC6XWH4,B00LPQRT34,4.0,1405209600
A2025SOZT6OE6D,B00LS5WBYE,5.0,1405641600
A2DOJYSPCLCQIT,B00LTAUTHE,5.0,1405382400
A1PB6OT0OOPKNQ,B00LXEC8CU,5.0,1405641600
A1MTPZKAYVSES3,BT008G3W52,5.0,1355702400
AS7WVL4JGN1FI,BT008SXQ4C,1.0,1326067200
A3GGII8ILEUI4P,BT008T2BGK,5.0,1320883200
ATK4Q037EM13F,BT008UKTMW,4.0,1356134400
AT10LK8R9MLHT,BT008UKTMW,3.0,1293753600
AKVMJCP7T93X1,BT008UKTMW,5.0,1394928000
A2H4BLBXDNSZ2O,BT008UKTMW,4.0,1316563200
A2DARIL2TWUOLS,BT008UKTMW,2.0,1373328000
A7ETK9SC1HAMP,BT008UKTMW,5.0,1397088000
A5FUA9HEV2O42,BT008UKTMW,5.0,1405987200
A84WRQR47OOKR,BT008UKTMW,1.0,1401753600
A180UGKKYCPDH0,BT008UKTMW,5.0,1369353600
A2R6Q6KJCYSVH7,BT008UKTMW,3.0,1343520000
A2IGIIABRZ5LAB,BT008UKTMW,5.0,1356739200
A2YZI3C9MOHC0L,BT008UKTMW,5.0,1396569600
A322MDK0M89RHN,BT008UKTMW,5.0,1313366400
A1MH90R0ADMIK0,BT008UKTMW,4.0,1404172800
A10M2KEFPEQDHN,BT008UKTMW,4.0,1297555200
A37B1XSZUYNSNK,B00LMOH8DU,5.0,1405036800
A3FOXB6244Y5PC,B00LNUH5X6,5.0,1404864000
AELQMX8YAEEYI,B00LOLBBQQ,5.0,1405382400
AG1NNE1V43RWC,B00LOLBBQQ,1.0,1405468800
A2QW4HHHC6XWH4,B00LPQRT34,4.0,1405209600
A2025SOZT6OE6D,B00LS5WBYE,5.0,1405641600
A2DOJYSPCLCQIT,B00LTAUTHE,5.0,1405382400
A1PB6OT0OOPKNQ,B00LXEC8CU,5.0,1405641600
A1MTPZKAYVSES3,BT008G3W52,5.0,1355702400
AS7WVL4JGN1FI,BT008SXQ4C,1.0,1326067200
A3GGII8ILEUI4P,BT008T2BGK,5.0,1320883200
ATK4Q037EM13F,BT008UKTMW,4.0,1356134400
AT10LK8R9MLHT,BT008UKTMW,3.0,1293753600
AKVMJCP7T93X1,BT008UKTMW,5.0,1394928000
A2H4BLBXDNSZ2O,BT008UKTMW,4.0,1316563200
A2DARIL2TWUOLS,BT008UKTMW,2.0,1373328000
A7ETK9SC1HAMP,BT008UKTMW,5.0,1397088000
A5FUA9HEV2O42,BT008UKTMW,5.0,1405987200
A84WRQR47OOKR,BT008UKTMW,1.0,1401753600
A180UGKKYCPDH0,BT008UKTMW,5.0,1369353600
A2R6Q6KJCYSVH7,BT008UKTMW,3.0,1343520000
A2IGIIABRZ5LAB,BT008UKTMW,5.0,1356739200
A2YZI3C9MOHC0L,BT008UKTMW,5.0,1396569600
A322MDK0M89RHN,BT008UKTMW,5.0,1313366400
A1MH90R0ADMIK0,BT008UKTMW,4.0,1404172800
A10M2KEFPEQDHN,BT008UKTMW,4.0,1297555200
A37B1XSZUYNSNK,B00LMOH8DU,5.0,1405036800
A3FOXB6244Y5PC,B00LNUH5X6,5.0,1404864000
AELQMX8YAEEYI,B00LOLBBQQ,5.0,1405382400
AG1NNE1V43RWC,B00LOLBBQQ,1.0,1405468800
A2QW4HHHC6XWH4,B00LPQRT34,4.0,1405209600
A2025SOZT6OE6D,B00LS5WBYE,5.0,1405641600
A2DOJYSPCLCQIT,B00LTAUTHE,5.0,1405382400
A1PB6OT0OOPKNQ,B00LXEC8CU,5.0,1405641600
A1MTPZKAYVSES3,BT008G3W52,5.0,1355702400
AS7WVL4JGN1FI,BT008SXQ4C,1.0,1326067200
A3GGII8ILEUI4P,BT008T2BGK,5.0,1320883200
ATK4Q037EM13F,BT008UKTMW,4.0,1356134400
AT10LK8R9MLHT,BT008UKTMW,3.0,1293753600
AKVMJCP7T93X1,BT008UKTMW,5.0,1394928000
A2H4BLBXDNSZ2O,BT008UKTMW,4.0,1316563200
A2DARIL2TWUOLS,BT008UKTMW,2.0,1373328000
A7ETK9SC1HAMP,BT008UKTMW,5.0,1397088000
A5FUA9HEV2O42,BT008UKTMW,5.0,1405987200
A84WRQR47OOKR,BT008UKTMW,1.0,1401753600
A180UGKKYCPDH0,BT008UKTMW,5.0,1369353600
A2R6Q6KJCYSVH7,BT008UKTMW,3.0,1343520000
A2IGIIABRZ5LAB,BT008UKTMW,5.0,1356739200
A2YZI3C9MOHC0L,BT008UKTMW,5.0,1396569600
A322MDK0M89RHN,BT008UKTMW,5.0,1313366400
A1MH90R0ADMIK0,BT008UKTMW,4.0,1404172800
A10M2KEFPEQDHN,BT008UKTMW,4.0,1297555200
A37B1XSZUYNSNK,B00LMOH8DU,5.0,1405036800
A3FOXB6244Y5PC,B00LNUH5X6,5.0,1404864000
AELQMX8YAEEYI,B00LOLBBQQ,5.0,1405382400
AG1NNE1V43RWC,B00LOLBBQQ,1.0,1405468800
A2QW4HHHC6XWH4,B00LPQRT34,4.0,1405209600
A2025SOZT6OE6D,B00LS5WBYE,5.0,1405641600
A2DOJYSPCLCQIT,B00LTAUTHE,5.0,1405382400
A1PB6OT0OOPKNQ,B00LXEC8CU,5.0,1405641600
A1MTPZKAYVSES3,BT008G3W52,5.0,1355702400
AS7WVL4JGN1FI,BT008SXQ4C,1.0,1326067200
A3GGII8ILEUI4P,BT008T2BGK,5.0,1320883200
ATK4Q037EM13F,BT008UKTMW,4.0,1356134400
AT10LK8R9MLHT,BT008UKTMW,3.0,1293753600
AKVMJCP7T93X1,BT008UKTMW,5.0,1394928000
A2H4BLBXDNSZ2O,BT008UKTMW,4.0,1316563200
A2DARIL2TWUOLS,BT008UKTMW,2.0,1373328000
A7ETK9SC1HAMP,BT008UKTMW,5.0,1397088000
A5FUA9HEV2O42,BT008UKTMW,5.0,1405987200
A84WRQR47OOKR,BT008UKTMW,1.0,1401753600
A180UGKKYCPDH0,BT008UKTMW,5.0,1369353600
A2R6Q6KJCYSVH7,BT008UKTMW,3.0,1343520000
A2IGIIABRZ5LAB,BT008UKTMW,5.0,1356739200
A2YZI3C9MOHC0L,BT008UKTMW,5.0,1396569600
A322MDK0M89RHN,BT008UKTMW,5.0,1313366400
A1MH90R0ADMIK0,BT008UKTMW,4.0,1404172800
A10M2KEFPEQDHN,BT008UKTMW,4.0,1297555200
A2YZI3C9MOHC0L,BT008UKTMW,5.0,1396569600
A322MDK0M89RHN,BT008UKTMW,5.0,1313366400
A1MH90R0ADMIK0,BT008UKTMW,4.0,1404172800
A10M2KEFPEQDHN,BT008UKTMW,4.0,1297555200
